-- 회원
insert into MEMBER values('aaa@google.com', 'A0000001', '최운학', 'pw01', '서울특별시 강서구 화곡동', 19890101, '남', '01011111111', '패널', 'Y', SYSDATE);
insert into MEMBER values('bbb@google.com', 'A0000002', '곽지훈', 'pw02', '서울특별시 강서구 까치산로12길 7', 19900202, '남', '01022222222', '패널', 'Y', SYSDATE);
insert into MEMBER values('ccc@google.com', 'A0000003', '변정우', 'pw03', '경기도 양평군 양평읍 군청앞길 2 양평군청 본관', 19890303, '남', '01033333333', '일반', 'N', SYSDATE);
insert into MEMBER values('ddd@google.com', 'A0000004', '이재하', 'pw04', '경기도 양평군 양평읍 군청앞길 2 양평군청 본관', 19890404, '남', '01044444444', '일반', 'N', SYSDATE);
insert into MEMBER values('eee@google.com', 'A0000005', '조성식', 'pw05', '경기도 양평군 양평읍 군청앞길 2 양평군청 본관', 19910505, '여', '01055555555', '패널', 'Y', SYSDATE);
insert into MEMBER values('fff@google.com', 'A0000006', '박동진', 'pw06', '부산광역시 부산진구 새싹로 295', 19920606, '남', '01077777777', '일반', 'N', SYSDATE);
insert into MEMBER values('ggg@google.com', 'A0000007', '손현준', 'pw07', '인천광역시 남동구 정각로 29 인천광역시청', 19910707, '남', '01088888888', '일반', 'N', SYSDATE);
insert into MEMBER values('hhh@google.com', 'A0000008', '박상우', 'pw08', '인천광역시 남동구 정각로 29 인천광역시청', 19960808, '남', '01099999999', '패널', 'Y', SYSDATE);
insert into MEMBER values('iii@google.com', 'A0000009', '최정인', 'pw09', '인천광역시 남동구 정각로 29 인천광역시청', 19930909, '여', '01012345678', '패널', 'Y', SYSDATE);
insert into MEMBER values('jjj@google.com', 'A0000010', '최영훈', 'pw10', '인천광역시 남동구 정각로 29 인천광역시청', 19901010, '남', '01098765432', '일반', 'N', SYSDATE);

-- 카테고리
insert into CATEGORY values('A0000001', '교육, 학문', SYSDATE);
insert into CATEGORY values('B0000001', '컴퓨터 통신', SYSDATE);
insert into CATEGORY values('C0000001', '게임', SYSDATE);
insert into CATEGORY values('D0000001', '엔터테인먼트, 예술', SYSDATE);
insert into CATEGORY values('E0000001', '생활', SYSDATE);
insert into CATEGORY values('F0000001', '건강', SYSDATE);
insert into CATEGORY values('G0000001', '사회, 정치', SYSDATE);
insert into CATEGORY values('H0000001', '경제', SYSDATE);
insert into CATEGORY values('I0000001', '여행', SYSDATE);
insert into CATEGORY values('J0000001', '스포츠, 레저', SYSDATE);
insert into CATEGORY values('K0000001', '쇼핑', SYSDATE);
insert into CATEGORY values('L0000001', '지역', SYSDATE);
insert into CATEGORY values('M0000001', '결혼', SYSDATE);

-- 관심카테고리
insert into ATT_CATEGORY values('A0000001', 'aaa@google.com', 'A0000001', 'B0000001', 'C0000001', 'D0000001', 'E0000001', '미혼', '무', '무', '유');
insert into ATT_CATEGORY values('A0000002', 'bbb@google.com', 'F0000001', 'G0000001', 'H0000001', 'I0000001', 'J0000001', '기혼', '유', '유', '유');
insert into ATT_CATEGORY values('A0000003', 'ccc@google.com', 'K0000001', 'L0000001', 'M0000001', 'A0000001', 'B0000001', '미혼', '무', '유', '유');
insert into ATT_CATEGORY values('A0000004', 'ddd@google.com', 'C0000001', 'D0000001', 'E0000001', 'F0000001', 'G0000001', '미혼', '무', '무', '무');
insert into ATT_CATEGORY values('A0000005', 'eee@google.com', 'H0000001', 'I0000001', 'J0000001', 'K0000001', 'L0000001', '기혼', '유', '유', '유');
insert into ATT_CATEGORY values('A0000006', 'fff@google.com', 'M0000001', 'A0000001', 'B0000001', 'C0000001', 'D0000001', '기혼', '유', '유', '무');
insert into ATT_CATEGORY values('A0000007', 'ggg@google.com', 'E0000001', 'F0000001', 'G0000001', 'H0000001', 'I0000001', '기혼', '유', '무', '유');
insert into ATT_CATEGORY values('A0000008', 'hhh@google.com', 'J0000001', 'K0000001', 'L0000001', 'M0000001', 'A0000001', '미혼', '무', '무', '유');
insert into ATT_CATEGORY values('A0000009', 'iii@google.com', 'B0000001', 'C0000001', 'D0000001', 'E0000001', 'F0000001', '미혼', '무', '유', '유');
insert into ATT_CATEGORY values('A0000010', 'jjj@google.com', 'G0000001', 'H0000001', 'I0000001', 'J0000001', 'K0000001', '기혼', '유', '유', '유');

-- 주제
insert into SUBJECT values('C0000001', 'A0000001', 'aaa@google.com', '최운학', '주제1', SYSDATE, SYSDATE, SYSDATE);
insert into SUBJECT values('C0000002', 'B0000001', 'bbb@google.com', '곽지훈', '주제2', SYSDATE, SYSDATE, SYSDATE);
insert into SUBJECT values('C0000003', 'C0000001', 'ccc@google.com', '변정우', '주제3', SYSDATE, SYSDATE, SYSDATE);
insert into SUBJECT values('C0000004', 'D0000001', 'ddd@google.com', '이재하', '주제4', SYSDATE, SYSDATE, SYSDATE);
insert into SUBJECT values('C0000005', 'E0000001', 'eee@google.com', '조성식', '주제5', SYSDATE, SYSDATE, SYSDATE);
insert into SUBJECT values('C0000006', 'F0000001', 'fff@google.com', '박동진', '주제6', SYSDATE, SYSDATE, SYSDATE);
insert into SUBJECT values('C0000007', 'G0000001', 'ggg@google.com', '손현준', '주제7', SYSDATE, SYSDATE, SYSDATE);
insert into SUBJECT values('C0000008', 'H0000001', 'hhh@google.com', '박상우', '주제8', SYSDATE, SYSDATE, SYSDATE);
insert into SUBJECT values('C0000009', 'I0000001', 'iii@google.com', '최정인', '주제9', SYSDATE, SYSDATE, SYSDATE);
insert into SUBJECT values('C0000010', 'J0000001', 'jjj@google.com', '최영훈', '주제10', SYSDATE, SYSDATE, SYSDATE);

-- 질문
insert into QUESTION values('D0000001', 'C0000001', '질문1', '객관식', null, null, SYSDATE);
insert into QUESTION values('D0000002', 'C0000002', '질문2', '주관식', null, null, SYSDATE);
insert into QUESTION values('D0000003', 'C0000003', '질문3', '객관식', null, null, SYSDATE);
insert into QUESTION values('D0000004', 'C0000004', '질문4', '객관식', null, null, SYSDATE);
insert into QUESTION values('D0000005', 'C0000005', '질문5', '주관식', null, null, SYSDATE);
insert into QUESTION values('D0000006', 'C0000006', '질문6', '객관식', null, null, SYSDATE);
insert into QUESTION values('D0000007', 'C0000007', '질문7', '주관식', null, null, SYSDATE);
insert into QUESTION values('D0000008', 'C0000008', '질문8', '주관식', null, null, SYSDATE);
insert into QUESTION values('D0000009', 'C0000009', '질문9', '객관식', null, null, SYSDATE);
insert into QUESTION values('D0000010', 'C0000010', '질문10', '주관식', null, null, SYSDATE);

-- 아이템
insert into ITEM values('E0000001', 'D0000001', '아이템내용1', null, SYSDATE);
insert into ITEM values('E0000002', 'D0000002', '아이템내용2', null, SYSDATE);
insert into ITEM values('E0000003', 'D0000003', '아이템내용3', null, SYSDATE);
insert into ITEM values('E0000004', 'D0000004', '아이템내용4', null, SYSDATE);
insert into ITEM values('E0000005', 'D0000005', '아이템내용5', null, SYSDATE);
insert into ITEM values('E0000006', 'D0000006', '아이템내용6', null, SYSDATE);
insert into ITEM values('E0000007', 'D0000007', '아이템내용7', null, SYSDATE);
insert into ITEM values('E0000008', 'D0000008', '아이템내용8', null, SYSDATE);
insert into ITEM values('E0000009', 'D0000009', '아이템내용9', null, SYSDATE);
insert into ITEM values('E0000010', 'D0000010', '아이템내용10', null, SYSDATE);

-- 답변
insert into ANSWER values('F0000001', 'E0000001', 'aaa@google.com', '최운학', '답변내용1', SYSDATE);
insert into ANSWER values('F0000002', 'E0000002', 'bbb@google.com', '곽지훈', '답변내용2', SYSDATE);
insert into ANSWER values('F0000003', 'E0000003', 'ccc@google.com', '변정우', '답변내용3', SYSDATE);
insert into ANSWER values('F0000004', 'E0000004', 'ddd@google.com', '이재하', '답변내용4', SYSDATE);
insert into ANSWER values('F0000005', 'E0000005', 'eee@google.com', '조성식', '답변내용5', SYSDATE);
insert into ANSWER values('F0000006', 'E0000006', 'fff@google.com', '박동진', '답변내용6', SYSDATE);
insert into ANSWER values('F0000007', 'E0000007', 'ggg@google.com', '손현준', '답변내용7', SYSDATE);
insert into ANSWER values('F0000008', 'E0000008', 'hhh@google.com', '박상우', '답변내용8', SYSDATE);
insert into ANSWER values('F0000009', 'E0000009', 'iii@google.com', '최정인', '답변내용9', SYSDATE);
insert into ANSWER values('F0000010', 'E0000010', 'jjj@google.com', '최영훈', '답변내용10', SYSDATE);

-- 알림
insert into NOTICE values('G0000001', 'aaa@google.com', 'A0000001', '알림메시지1', SYSDATE, SYSDATE, SYSDATE);
insert into NOTICE values('G0000002', 'bbb@google.com', 'A0000002', '알림메시지2', SYSDATE, SYSDATE, SYSDATE);
insert into NOTICE values('G0000003', 'ccc@google.com', 'A0000003', '알림메시지3', SYSDATE, SYSDATE, SYSDATE);
insert into NOTICE values('G0000004', 'ddd@google.com', 'A0000004', '알림메시지4', SYSDATE, SYSDATE, SYSDATE);
insert into NOTICE values('G0000005', 'eee@google.com', 'A0000005', '알림메시지5', SYSDATE, SYSDATE, SYSDATE);
insert into NOTICE values('G0000006', 'fff@google.com', 'A0000006', '알림메시지6', SYSDATE, SYSDATE, SYSDATE);
insert into NOTICE values('G0000007', 'ggg@google.com', 'A0000007', '알림메시지7', SYSDATE, SYSDATE, SYSDATE);
insert into NOTICE values('G0000008', 'hhh@google.com', 'A0000008', '알림메시지8', SYSDATE, SYSDATE, SYSDATE);
insert into NOTICE values('G0000009', 'iii@google.com', 'A0000009', '알림메시지9', SYSDATE, SYSDATE, SYSDATE);
insert into NOTICE values('G0000010', 'jjj@google.com', 'A0000010', '알림메시지10', SYSDATE, SYSDATE, SYSDATE);

-- 새소식
insert into NEWS values(NEWS_SEQ.NEXTVAL, '공지', '새소식제목1', '새소식내용1', 0, SYSDATE);
insert into NEWS values(NEWS_SEQ.NEXTVAL, '공지', '새소식제목2', '새소식내용2', 0, SYSDATE);
insert into NEWS values(NEWS_SEQ.NEXTVAL, '이벤트', '새소식제목3', '새소식내용3', 0, SYSDATE);
insert into NEWS values(NEWS_SEQ.NEXTVAL, '이벤트', '새소식제목4', '새소식내용4', 0, SYSDATE);
insert into NEWS values(NEWS_SEQ.NEXTVAL, '공지', '새소식제목5', '새소식내용5', 0, SYSDATE);
insert into NEWS values(NEWS_SEQ.NEXTVAL, '이벤트', '새소식제목6', '새소식내용6', 0, SYSDATE);
insert into NEWS values(NEWS_SEQ.NEXTVAL, '공지', '새소식제목7', '새소식내용7', 0, SYSDATE);
insert into NEWS values(NEWS_SEQ.NEXTVAL, '이벤트', '새소식제목8', '새소식내용8', 0, SYSDATE);
insert into NEWS values(NEWS_SEQ.NEXTVAL, '공지', '새소식제목9', '새소식내용9', 0, SYSDATE);
insert into NEWS values(NEWS_SEQ.NEXTVAL, '공지', '새소식제목10', '새소식내용10', 0, SYSDATE);

-- 자유게시판
insert into BOARD values(BOARD_SEQ.NEXTVAL, 'aaa@google.com', '최운학', '자게제목1', '자게내용1', 0, 0, 0, 'A0BCDE', 0, SYSDATE);
insert into BOARD values(BOARD_SEQ.NEXTVAL, 'bbb@google.com', '곽지훈', '자게제목2', '자게내용2', 0, 0, 0, 'B1CDEF', 0, SYSDATE);
insert into BOARD values(BOARD_SEQ.NEXTVAL, 'ccc@google.com', '변정우', '자게제목3', '자게내용3', 0, 0, 0, 'C2DEFG', 0, SYSDATE);
insert into BOARD values(BOARD_SEQ.NEXTVAL, 'ddd@google.com', '이재하', '자게제목4', '자게내용4', 0, 0, 0, 'D3EFGH', 0, SYSDATE);
insert into BOARD values(BOARD_SEQ.NEXTVAL, 'eee@google.com', '조성식', '자게제목5', '자게내용5', 0, 0, 0, 'E4FGHI', 0, SYSDATE);
insert into BOARD values(BOARD_SEQ.NEXTVAL, 'fff@google.com', '박동진', '자게제목6', '자게내용6', 0, 0, 0, 'F5GHIJ', 0, SYSDATE);
insert into BOARD values(BOARD_SEQ.NEXTVAL, 'ggg@google.com', '손현준', '자게제목7', '자게내용7', 0, 0, 0, 'G6HIJK', 0, SYSDATE);
insert into BOARD values(BOARD_SEQ.NEXTVAL, 'hhh@google.com', '박상우', '자게제목8', '자게내용8', 0, 0, 0, 'H7IJKL', 0, SYSDATE);
insert into BOARD values(BOARD_SEQ.NEXTVAL, 'iii@google.com', '최정인', '자게제목9', '자게내용9', 0, 0, 0, 'I8JKLM', 0, SYSDATE);
insert into BOARD values(BOARD_SEQ.NEXTVAL, 'jjj@google.com', '최영훈', '자게제목10', '자게내용10', 0, 0, 0, 'J9KLMN', 0, SYSDATE);

-- 댓글
insert into REPLY values(REPLY_SEQ.NEXTVAL, 2, 'aaa@google.com', '최운학', '댓글내용1', 0, 0, SYSDATE);
insert into REPLY values(REPLY_SEQ.NEXTVAL, 3, 'bbb@google.com', '곽지훈', '댓글내용2', 0, 0, SYSDATE);
insert into REPLY values(REPLY_SEQ.NEXTVAL, 4, 'ccc@google.com', '변정우', '댓글내용3', 0, 0, SYSDATE);
insert into REPLY values(REPLY_SEQ.NEXTVAL, 5, 'ddd@google.com', '이재하', '댓글내용4', 0, 0, SYSDATE);
insert into REPLY values(REPLY_SEQ.NEXTVAL, 6, 'eee@google.com', '조성식', '댓글내용5', 0, 0, SYSDATE);
insert into REPLY values(REPLY_SEQ.NEXTVAL, 7, 'fff@google.com', '박동진', '댓글내용6', 0, 0, SYSDATE);
insert into REPLY values(REPLY_SEQ.NEXTVAL, 8, 'ggg@google.com', '손현준', '댓글내용7', 0, 0, SYSDATE);
insert into REPLY values(REPLY_SEQ.NEXTVAL, 9, 'hhh@google.com', '박상우', '댓글내용8', 0, 0, SYSDATE);
insert into REPLY values(REPLY_SEQ.NEXTVAL, 10, 'iii@google.com', '최정인', '댓글내용9', 0, 0, SYSDATE);
insert into REPLY values(REPLY_SEQ.NEXTVAL, 11, 'jjj@google.com', '최영훈', '댓글내용10', 0, 0, SYSDATE);


commit;