REM INSERTING into SUBJECT
SET DEFINE OFF;
Insert into SUBJECT (SUBJ_CODE,CTGR_CODE,MB_EMAIL,MB_NICK,SUBJ_NM,SUBJ_REGDATE,SUBJ_STARTDATE,SUBJ_ENDDATE) values ('4KTGHZ41','E0000001','admin@fresearch.com','admin','메신저 프로필 사진을 무엇으로 하시나요?',to_date('19/08/13','RR/MM/DD'),to_date('19/08/14','RR/MM/DD'),to_date('20/01/23','RR/MM/DD'));
Insert into SUBJECT (SUBJ_CODE,CTGR_CODE,MB_EMAIL,MB_NICK,SUBJ_NM,SUBJ_REGDATE,SUBJ_STARTDATE,SUBJ_ENDDATE) values ('N2IQ5NED','E0000001','admin@fresearch.com','admin','싫지만 자주봐야 하는 사람을 대하는 나만의 방법은?',to_date('19/08/13','RR/MM/DD'),to_date('19/08/13','RR/MM/DD'),to_date('25/05/14','RR/MM/DD'));
Insert into SUBJECT (SUBJ_CODE,CTGR_CODE,MB_EMAIL,MB_NICK,SUBJ_NM,SUBJ_REGDATE,SUBJ_STARTDATE,SUBJ_ENDDATE) values ('2A19HBCB','F0000001','admin@fresearch.com','admin','가장 좋아하는 간단한 한끼는?',to_date('19/08/13','RR/MM/DD'),to_date('19/08/13','RR/MM/DD'),to_date('19/08/23','RR/MM/DD'));
Insert into SUBJECT (SUBJ_CODE,CTGR_CODE,MB_EMAIL,MB_NICK,SUBJ_NM,SUBJ_REGDATE,SUBJ_STARTDATE,SUBJ_ENDDATE) values ('8O18KXBD','H0000001','admin@fresearch.com','admin','어떤 결제를 가장 선호하나요?',to_date('19/08/13','RR/MM/DD'),to_date('19/08/13','RR/MM/DD'),to_date('19/08/30','RR/MM/DD'));

REM INSERTING into QUESTION
SET DEFINE OFF;
Insert into QUESTION (QST_CODE,SUBJ_CODE,QST_CONTENT,QST_TYPE,QST_IMG,QST_URL,QST_REGDATE) values ('V2I4SXUU','2A19HBCB','피자','0',null,null,to_date('19/08/13','RR/MM/DD'));
Insert into QUESTION (QST_CODE,SUBJ_CODE,QST_CONTENT,QST_TYPE,QST_IMG,QST_URL,QST_REGDATE) values ('UBP9QD1Q','2A19HBCB','치킨','0',null,null,to_date('19/08/13','RR/MM/DD'));
Insert into QUESTION (QST_CODE,SUBJ_CODE,QST_CONTENT,QST_TYPE,QST_IMG,QST_URL,QST_REGDATE) values ('5XMKMCF2','2A19HBCB','햄버거','0',null,null,to_date('19/08/13','RR/MM/DD'));
Insert into QUESTION (QST_CODE,SUBJ_CODE,QST_CONTENT,QST_TYPE,QST_IMG,QST_URL,QST_REGDATE) values ('NR11E9BX','8O18KXBD','온라인','0',null,null,to_date('19/08/13','RR/MM/DD'));
Insert into QUESTION (QST_CODE,SUBJ_CODE,QST_CONTENT,QST_TYPE,QST_IMG,QST_URL,QST_REGDATE) values ('1NNGBKPL','8O18KXBD','오프라인','0',null,null,to_date('19/08/13','RR/MM/DD'));
Insert into QUESTION (QST_CODE,SUBJ_CODE,QST_CONTENT,QST_TYPE,QST_IMG,QST_URL,QST_REGDATE) values ('KV55AXJI','4KTGHZ41','가족','0',null,null,to_date('19/08/13','RR/MM/DD'));
Insert into QUESTION (QST_CODE,SUBJ_CODE,QST_CONTENT,QST_TYPE,QST_IMG,QST_URL,QST_REGDATE) values ('C2YUR7II','4KTGHZ41','그 외','0',null,null,to_date('19/08/13','RR/MM/DD'));
Insert into QUESTION (QST_CODE,SUBJ_CODE,QST_CONTENT,QST_TYPE,QST_IMG,QST_URL,QST_REGDATE) values ('SVKFMQZG','N2IQ5NED','가만히 있는다','0',null,null,to_date('19/08/13','RR/MM/DD'));
Insert into QUESTION (QST_CODE,SUBJ_CODE,QST_CONTENT,QST_TYPE,QST_IMG,QST_URL,QST_REGDATE) values ('14PTU96M','N2IQ5NED','괴롭힌다','0',null,null,to_date('19/08/13','RR/MM/DD'));
Insert into QUESTION (QST_CODE,SUBJ_CODE,QST_CONTENT,QST_TYPE,QST_IMG,QST_URL,QST_REGDATE) values ('O6OKM4DM','N2IQ5NED','대응한다','0',null,null,to_date('19/08/13','RR/MM/DD'));

REM INSERTING into ITEM
SET DEFINE OFF;
Insert into ITEM (ITEM_CODE,QST_CODE,ITEM_CONTENT,ITEM_IMG,ITEM_REGDATE) values ('JWXXTJLI','V2I4SXUU','마르게리타 Margherita.',null,to_date('19/08/13','RR/MM/DD'));
Insert into ITEM (ITEM_CODE,QST_CODE,ITEM_CONTENT,ITEM_IMG,ITEM_REGDATE) values ('HJ9GRE1Q','V2I4SXUU','콰트로 스타조니 Quattro Stagioni.',null,to_date('19/08/13','RR/MM/DD'));
Insert into ITEM (ITEM_CODE,QST_CODE,ITEM_CONTENT,ITEM_IMG,ITEM_REGDATE) values ('UC435RF3','V2I4SXUU','엔초비 피자 Anchovy Pizza.',null,to_date('19/08/13','RR/MM/DD'));
Insert into ITEM (ITEM_CODE,QST_CODE,ITEM_CONTENT,ITEM_IMG,ITEM_REGDATE) values ('VUL0TKXM','V2I4SXUU','버섯 피자 Pizza Fungo.',null,to_date('19/08/13','RR/MM/DD'));
Insert into ITEM (ITEM_CODE,QST_CODE,ITEM_CONTENT,ITEM_IMG,ITEM_REGDATE) values ('HLKRLE8K','V2I4SXUU','루꼴라 피자 Pizza alla Rucola.',null,to_date('19/08/13','RR/MM/DD'));
Insert into ITEM (ITEM_CODE,QST_CODE,ITEM_CONTENT,ITEM_IMG,ITEM_REGDATE) values ('EN7XO9XF','UBP9QD1Q','BBQ ？ 황금올리브',null,to_date('19/08/13','RR/MM/DD'));
Insert into ITEM (ITEM_CODE,QST_CODE,ITEM_CONTENT,ITEM_IMG,ITEM_REGDATE) values ('RJXN3I5Z','UBP9QD1Q','네네치킨 ？ 스노윙치즈',null,to_date('19/08/13','RR/MM/DD'));
Insert into ITEM (ITEM_CODE,QST_CODE,ITEM_CONTENT,ITEM_IMG,ITEM_REGDATE) values ('4U8DT9AP','UBP9QD1Q','BHC ？ 뿌링클 + 치즈볼',null,to_date('19/08/13','RR/MM/DD'));
Insert into ITEM (ITEM_CODE,QST_CODE,ITEM_CONTENT,ITEM_IMG,ITEM_REGDATE) values ('OUCV4HUA','UBP9QD1Q','굽네치킨 ？ 오리지날',null,to_date('19/08/13','RR/MM/DD'));
Insert into ITEM (ITEM_CODE,QST_CODE,ITEM_CONTENT,ITEM_IMG,ITEM_REGDATE) values ('HTXITV18','UBP9QD1Q','지코바 ？ 순살 바비큐',null,to_date('19/08/13','RR/MM/DD'));
Insert into ITEM (ITEM_CODE,QST_CODE,ITEM_CONTENT,ITEM_IMG,ITEM_REGDATE) values ('4HEOXDJZ','UBP9QD1Q','교촌치킨 ？ 반반 콤보 & 허니콤보',null,to_date('19/08/13','RR/MM/DD'));
Insert into ITEM (ITEM_CODE,QST_CODE,ITEM_CONTENT,ITEM_IMG,ITEM_REGDATE) values ('IKTTRRP9','5XMKMCF2','언빌리버블 버거',null,to_date('19/08/13','RR/MM/DD'));
Insert into ITEM (ITEM_CODE,QST_CODE,ITEM_CONTENT,ITEM_IMG,ITEM_REGDATE) values ('CU5XD779','5XMKMCF2','인크레더블 버거',null,to_date('19/08/13','RR/MM/DD'));
Insert into ITEM (ITEM_CODE,QST_CODE,ITEM_CONTENT,ITEM_IMG,ITEM_REGDATE) values ('BN1QNUOT','5XMKMCF2','마실라 버거',null,to_date('19/08/13','RR/MM/DD'));
Insert into ITEM (ITEM_CODE,QST_CODE,ITEM_CONTENT,ITEM_IMG,ITEM_REGDATE) values ('SYGRU9C0','5XMKMCF2','치즈베이컨 버거',null,to_date('19/08/13','RR/MM/DD'));
Insert into ITEM (ITEM_CODE,QST_CODE,ITEM_CONTENT,ITEM_IMG,ITEM_REGDATE) values ('EQCLMRHH','5XMKMCF2','치킨 커틀렛 버거',null,to_date('19/08/13','RR/MM/DD'));
Insert into ITEM (ITEM_CODE,QST_CODE,ITEM_CONTENT,ITEM_IMG,ITEM_REGDATE) values ('CKMALQ8H','5XMKMCF2','딥 치즈 버거',null,to_date('19/08/13','RR/MM/DD'));
Insert into ITEM (ITEM_CODE,QST_CODE,ITEM_CONTENT,ITEM_IMG,ITEM_REGDATE) values ('LOBA74WA','5XMKMCF2','불싸이 버거',null,to_date('19/08/13','RR/MM/DD'));
Insert into ITEM (ITEM_CODE,QST_CODE,ITEM_CONTENT,ITEM_IMG,ITEM_REGDATE) values ('J9LM129R','5XMKMCF2','리샐 버거',null,to_date('19/08/13','RR/MM/DD'));
Insert into ITEM (ITEM_CODE,QST_CODE,ITEM_CONTENT,ITEM_IMG,ITEM_REGDATE) values ('LHJ0YOQO','5XMKMCF2','화이트 갈릭 버거',null,to_date('19/08/13','RR/MM/DD'));
Insert into ITEM (ITEM_CODE,QST_CODE,ITEM_CONTENT,ITEM_IMG,ITEM_REGDATE) values ('0X7OTQ8X','NR11E9BX','PAYCO',null,to_date('19/08/13','RR/MM/DD'));
Insert into ITEM (ITEM_CODE,QST_CODE,ITEM_CONTENT,ITEM_IMG,ITEM_REGDATE) values ('25BJFZ5T','NR11E9BX','전자결제',null,to_date('19/08/13','RR/MM/DD'));
Insert into ITEM (ITEM_CODE,QST_CODE,ITEM_CONTENT,ITEM_IMG,ITEM_REGDATE) values ('CDIR27O6','NR11E9BX','PayPal',null,to_date('19/08/13','RR/MM/DD'));
Insert into ITEM (ITEM_CODE,QST_CODE,ITEM_CONTENT,ITEM_IMG,ITEM_REGDATE) values ('FQPSFZLA','1NNGBKPL','카드',null,to_date('19/08/13','RR/MM/DD'));
Insert into ITEM (ITEM_CODE,QST_CODE,ITEM_CONTENT,ITEM_IMG,ITEM_REGDATE) values ('TCRZWH7Z','1NNGBKPL','현금',null,to_date('19/08/13','RR/MM/DD'));
Insert into ITEM (ITEM_CODE,QST_CODE,ITEM_CONTENT,ITEM_IMG,ITEM_REGDATE) values ('W0BUYR35','KV55AXJI','엄마',null,to_date('19/08/13','RR/MM/DD'));
Insert into ITEM (ITEM_CODE,QST_CODE,ITEM_CONTENT,ITEM_IMG,ITEM_REGDATE) values ('PARYOV66','KV55AXJI','아빠',null,to_date('19/08/13','RR/MM/DD'));
Insert into ITEM (ITEM_CODE,QST_CODE,ITEM_CONTENT,ITEM_IMG,ITEM_REGDATE) values ('7HXSKTN0','KV55AXJI','형, 오빠',null,to_date('19/08/13','RR/MM/DD'));
Insert into ITEM (ITEM_CODE,QST_CODE,ITEM_CONTENT,ITEM_IMG,ITEM_REGDATE) values ('MUXQW5SP','KV55AXJI','누나, 언니',null,to_date('19/08/13','RR/MM/DD'));
Insert into ITEM (ITEM_CODE,QST_CODE,ITEM_CONTENT,ITEM_IMG,ITEM_REGDATE) values ('C3UV8B5U','KV55AXJI','남동생',null,to_date('19/08/13','RR/MM/DD'));
Insert into ITEM (ITEM_CODE,QST_CODE,ITEM_CONTENT,ITEM_IMG,ITEM_REGDATE) values ('UKF6VA8S','KV55AXJI','여동생',null,to_date('19/08/13','RR/MM/DD'));
Insert into ITEM (ITEM_CODE,QST_CODE,ITEM_CONTENT,ITEM_IMG,ITEM_REGDATE) values ('U8KVWWV2','C2YUR7II','애인',null,to_date('19/08/13','RR/MM/DD'));
Insert into ITEM (ITEM_CODE,QST_CODE,ITEM_CONTENT,ITEM_IMG,ITEM_REGDATE) values ('DLTX6B01','C2YUR7II','반려건',null,to_date('19/08/13','RR/MM/DD'));
Insert into ITEM (ITEM_CODE,QST_CODE,ITEM_CONTENT,ITEM_IMG,ITEM_REGDATE) values ('2DZF4VSZ','C2YUR7II','반려묘',null,to_date('19/08/13','RR/MM/DD'));
Insert into ITEM (ITEM_CODE,QST_CODE,ITEM_CONTENT,ITEM_IMG,ITEM_REGDATE) values ('XVLOCB87','C2YUR7II','호날두',null,to_date('19/08/13','RR/MM/DD'));
Insert into ITEM (ITEM_CODE,QST_CODE,ITEM_CONTENT,ITEM_IMG,ITEM_REGDATE) values ('CFQ571X8','C2YUR7II','애니프사',null,to_date('19/08/13','RR/MM/DD'));
Insert into ITEM (ITEM_CODE,QST_CODE,ITEM_CONTENT,ITEM_IMG,ITEM_REGDATE) values ('6932M9UE','C2YUR7II','비트캠프',null,to_date('19/08/13','RR/MM/DD'));
Insert into ITEM (ITEM_CODE,QST_CODE,ITEM_CONTENT,ITEM_IMG,ITEM_REGDATE) values ('GXAV3BHR','C2YUR7II','치킨',null,to_date('19/08/13','RR/MM/DD'));
Insert into ITEM (ITEM_CODE,QST_CODE,ITEM_CONTENT,ITEM_IMG,ITEM_REGDATE) values ('45J9749Q','C2YUR7II','나(무보정)',null,to_date('19/08/13','RR/MM/DD'));
Insert into ITEM (ITEM_CODE,QST_CODE,ITEM_CONTENT,ITEM_IMG,ITEM_REGDATE) values ('1K2ECXA8','C2YUR7II','나(보정)',null,to_date('19/08/13','RR/MM/DD'));
Insert into ITEM (ITEM_CODE,QST_CODE,ITEM_CONTENT,ITEM_IMG,ITEM_REGDATE) values ('LAEF56Y7','SVKFMQZG','완전히 무시한다',null,to_date('19/08/13','RR/MM/DD'));
Insert into ITEM (ITEM_CODE,QST_CODE,ITEM_CONTENT,ITEM_IMG,ITEM_REGDATE) values ('U6HY74N3','SVKFMQZG','싫은 감정도 사라질 거라 스스로 다독이며 잘 지내려 애쓴다',null,to_date('19/08/13','RR/MM/DD'));
Insert into ITEM (ITEM_CODE,QST_CODE,ITEM_CONTENT,ITEM_IMG,ITEM_REGDATE) values ('ZTM8YW4W','SVKFMQZG','투명인간 취급한다',null,to_date('19/08/13','RR/MM/DD'));
Insert into ITEM (ITEM_CODE,QST_CODE,ITEM_CONTENT,ITEM_IMG,ITEM_REGDATE) values ('UHTH48GH','14PTU96M','각종 모함과 헛소문을 퍼뜨려서 괴롭힌다',null,to_date('19/08/13','RR/MM/DD'));
Insert into ITEM (ITEM_CODE,QST_CODE,ITEM_CONTENT,ITEM_IMG,ITEM_REGDATE) values ('8ZOCR2GS','14PTU96M','내 편을 만들어서 무리 지어  다녀 그 사람을 따돌린다',null,to_date('19/08/13','RR/MM/DD'));
Insert into ITEM (ITEM_CODE,QST_CODE,ITEM_CONTENT,ITEM_IMG,ITEM_REGDATE) values ('E38ZG4TO','O6OKM4DM','정말 친한 사람에게만 그 사람 뒷담을 하며 스트레스를 푼다',null,to_date('19/08/13','RR/MM/DD'));
Insert into ITEM (ITEM_CODE,QST_CODE,ITEM_CONTENT,ITEM_IMG,ITEM_REGDATE) values ('NAGCC4K8','O6OKM4DM','노골적으로 싫은 티를 낸다',null,to_date('19/08/13','RR/MM/DD'));
Insert into ITEM (ITEM_CODE,QST_CODE,ITEM_CONTENT,ITEM_IMG,ITEM_REGDATE) values ('SAKPYLOQ','O6OKM4DM','싫은 그 사람과 기회가 되면 허심탄회하게 속에 있는 얘길 해본다',null,to_date('19/08/13','RR/MM/DD'));
