insert into SUBJECT values('C00000011', 'A0000001','aaa@google.com','弥款切','林力1','19/07/13','19/07/13','19/07/13');
insert into SUBJECT values('C00000012', 'A0000001','aaa@google.com','弥款切','林力1','19/07/13','19/07/13','19/07/13');
insert into SUBJECT values('C00000013', 'A0000001','aaa@google.com','弥款切','林力1','19/07/13','19/07/13','19/07/13');
insert into SUBJECT values('C00000014', 'A0000001','aaa@google.com','弥款切','林力1','19/07/13','19/07/13','19/07/13');
insert into SUBJECT values('C00000015', 'A0000001','aaa@google.com','弥款切','林力1','19/07/13','19/07/13','19/07/13');
insert into SUBJECT values('C00000016', 'A0000001','aaa@google.com','弥款切','林力1','19/07/13','19/07/13','19/07/13');
insert into SUBJECT values('C00000017', 'A0000001','aaa@google.com','弥款切','林力1','19/07/13','19/07/13','19/07/13');
insert into SUBJECT values('C00000018', 'B0000001','aaa@google.com','弥款切','林力1','19/07/13','19/07/13','19/07/13');
insert into SUBJECT values('C00000019', 'B0000001','aaa@google.com','弥款切','林力1','19/07/13','19/07/13','19/07/13');
insert into SUBJECT values('C00000020', 'B0000001','aaa@google.com','弥款切','林力1','19/07/13','19/07/13','19/07/13');
insert into SUBJECT values('C00000021', 'B0000001','aaa@google.com','弥款切','林力1','19/07/13','19/07/13','19/07/13');
insert into SUBJECT values('C00000022', 'B0000001','aaa@google.com','弥款切','林力1','19/07/13','19/07/13','19/07/13');
insert into SUBJECT values('C00000023', 'B0000001','aaa@google.com','弥款切','林力1','19/07/13','19/07/13','19/07/13');
insert into SUBJECT values('C00000024', 'B0000001','aaa@google.com','弥款切','林力1','19/07/13','19/07/13','19/07/13');
insert into SUBJECT values('C00000025', 'B0000001','aaa@google.com','弥款切','林力1','19/07/13','19/07/13','19/07/13');
insert into SUBJECT values('C00000026', 'B0000001','aaa@google.com','弥款切','林力1','19/07/13','19/07/13','19/07/13');
insert into SUBJECT values('C00000027', 'B0000001','aaa@google.com','弥款切','林力1','19/07/13','19/07/13','19/07/13');
insert into SUBJECT values('C00000028', 'B0000001','aaa@google.com','弥款切','林力1','19/07/13','19/07/13','19/07/13');
insert into SUBJECT values('C00000029', 'B0000001','aaa@google.com','弥款切','林力1','19/07/13','19/07/13','19/07/13');
insert into SUBJECT values('C00000030', 'B0000001','aaa@google.com','弥款切','林力1','19/07/13','19/07/13','19/07/13');
insert into SUBJECT values('C00000031', 'B0000001','aaa@google.com','弥款切','林力1','19/07/13','19/07/13','19/07/13');
insert into SUBJECT values('C00000032', 'B0000001','aaa@google.com','弥款切','林力1','19/07/13','19/07/13','19/07/13');
insert into SUBJECT values('C00000033', 'B0000001','aaa@google.com','弥款切','林力1','19/07/13','19/07/13','19/07/13');
insert into SUBJECT values('C00000034', 'B0000001','aaa@google.com','弥款切','林力1','19/07/13','19/07/13','19/07/13');
insert into SUBJECT values('C00000035', 'B0000001','aaa@google.com','弥款切','林力1','19/07/13','19/07/13','19/07/13');
insert into SUBJECT values('C00000036', 'C0000001','aaa@google.com','弥款切','林力1','19/07/13','19/07/13','19/07/13');
insert into SUBJECT values('C00000037', 'C0000001','aaa@google.com','弥款切','林力1','19/07/13','19/07/13','19/07/13');
insert into SUBJECT values('C00000038', 'C0000001','aaa@google.com','弥款切','林力1','19/07/13','19/07/13','19/07/13');
insert into SUBJECT values('C00000039', 'C0000001','aaa@google.com','弥款切','林力1','19/07/13','19/07/13','19/07/13');
insert into SUBJECT values('C00000040', 'C0000001','aaa@google.com','弥款切','林力1','19/07/13','19/07/13','19/07/13');
insert into SUBJECT values('C00000041', 'C0000001','aaa@google.com','弥款切','林力1','19/07/13','19/07/13','19/07/13');
insert into SUBJECT values('C00000042', 'C0000001','aaa@google.com','弥款切','林力1','19/07/13','19/07/13','19/07/13');
insert into SUBJECT values('C00000043', 'C0000001','aaa@google.com','弥款切','林力1','19/07/13','19/07/13','19/07/13');
insert into SUBJECT values('C00000044', 'C0000001','aaa@google.com','弥款切','林力1','19/07/13','19/07/13','19/07/13');
insert into SUBJECT values('C00000045', 'C0000001','aaa@google.com','弥款切','林力1','19/07/13','19/07/13','19/07/13');
insert into SUBJECT values('C00000046', 'D0000001','aaa@google.com','弥款切','林力1','19/07/13','19/07/13','19/07/13');
insert into SUBJECT values('C00000047', 'D0000001','aaa@google.com','弥款切','林力1','19/07/13','19/07/13','19/07/13');
insert into SUBJECT values('C00000048', 'D0000001','aaa@google.com','弥款切','林力1','19/07/13','19/07/13','19/07/13');
insert into SUBJECT values('C00000049', 'D0000001','aaa@google.com','弥款切','林力1','19/07/13','19/07/13','19/07/13');
insert into SUBJECT values('C00000050', 'D0000001','aaa@google.com','弥款切','林力1','19/07/13','19/07/13','19/07/13');
insert into SUBJECT values('C00000051', 'D0000001','aaa@google.com','弥款切','林力1','19/07/13','19/07/13','19/07/13');
insert into SUBJECT values('C00000052', 'D0000001','aaa@google.com','弥款切','林力1','19/07/13','19/07/13','19/07/13');
insert into SUBJECT values('C00000053', 'D0000001','aaa@google.com','弥款切','林力1','19/07/13','19/07/13','19/07/13');
insert into SUBJECT values('C00000054', 'D0000001','aaa@google.com','弥款切','林力1','19/07/13','19/07/13','19/07/13');
insert into SUBJECT values('C00000055', 'D0000001','aaa@google.com','弥款切','林力1','19/07/13','19/07/13','19/07/13');
insert into SUBJECT values('C00000056', 'E0000001','aaa@google.com','弥款切','林力1','19/07/13','19/07/13','19/07/13');
insert into SUBJECT values('C00000057', 'E0000001','aaa@google.com','弥款切','林力1','19/07/13','19/07/13','19/07/13');
insert into SUBJECT values('C00000058', 'E0000001','aaa@google.com','弥款切','林力1','19/07/13','19/07/13','19/07/13');
insert into SUBJECT values('C00000059', 'E0000001','aaa@google.com','弥款切','林力1','19/07/13','19/07/13','19/07/13');
insert into SUBJECT values('C00000060', 'E0000001','aaa@google.com','弥款切','林力1','19/07/13','19/07/13','19/07/13');
insert into SUBJECT values('C00000061', 'E0000001','aaa@google.com','弥款切','林力1','19/07/13','19/07/13','19/07/13');
insert into SUBJECT values('C00000062', 'E0000001','aaa@google.com','弥款切','林力1','19/07/13','19/07/13','19/07/13');
insert into SUBJECT values('C00000063', 'E0000001','aaa@google.com','弥款切','林力1','19/07/13','19/07/13','19/07/13');
insert into SUBJECT values('C00000064', 'E0000001','aaa@google.com','弥款切','林力1','19/07/13','19/07/13','19/07/13');
insert into SUBJECT values('C00000065', 'F0000001','aaa@google.com','弥款切','林力1','19/07/13','19/07/13','19/07/13');
insert into SUBJECT values('C00000066', 'F0000001','aaa@google.com','弥款切','林力1','19/07/13','19/07/13','19/07/13');
insert into SUBJECT values('C00000067', 'F0000001','aaa@google.com','弥款切','林力1','19/07/13','19/07/13','19/07/13');
insert into SUBJECT values('C00000068', 'F0000001','aaa@google.com','弥款切','林力1','19/07/13','19/07/13','19/07/13');
insert into SUBJECT values('C00000069', 'F0000001','aaa@google.com','弥款切','林力1','19/07/13','19/07/13','19/07/13');
insert into SUBJECT values('C00000070', 'F0000001','aaa@google.com','弥款切','林力1','19/07/13','19/07/13','19/07/13');
insert into SUBJECT values('C00000071', 'F0000001','aaa@google.com','弥款切','林力1','19/07/13','19/07/13','19/07/13');
insert into SUBJECT values('C00000072', 'F0000001','aaa@google.com','弥款切','林力1','19/07/13','19/07/13','19/07/13');
insert into SUBJECT values('C00000073', 'F0000001','aaa@google.com','弥款切','林力1','19/07/13','19/07/13','19/07/13');
insert into SUBJECT values('C00000074', 'F0000001','aaa@google.com','弥款切','林力1','19/07/13','19/07/13','19/07/13');
insert into SUBJECT values('C00000075', 'G0000001','aaa@google.com','弥款切','林力1','19/07/13','19/07/13','19/07/13');
insert into SUBJECT values('C00000076', 'G0000001','aaa@google.com','弥款切','林力1','19/07/13','19/07/13','19/07/13');
insert into SUBJECT values('C00000077', 'G0000001','aaa@google.com','弥款切','林力1','19/07/13','19/07/13','19/07/13');
insert into SUBJECT values('C00000078', 'G0000001','aaa@google.com','弥款切','林力1','19/07/13','19/07/13','19/07/13');
insert into SUBJECT values('C00000079', 'G0000001','aaa@google.com','弥款切','林力1','19/07/13','19/07/13','19/07/13');
insert into SUBJECT values('C00000080', 'G0000001','aaa@google.com','弥款切','林力1','19/07/13','19/07/13','19/07/13');
insert into SUBJECT values('C00000081', 'G0000001','aaa@google.com','弥款切','林力1','19/07/13','19/07/13','19/07/13');
insert into SUBJECT values('C00000082', 'G0000001','aaa@google.com','弥款切','林力1','19/07/13','19/07/13','19/07/13');
insert into SUBJECT values('C00000083', 'G0000001','aaa@google.com','弥款切','林力1','19/07/13','19/07/13','19/07/13');
insert into SUBJECT values('C00000084', 'G0000001','aaa@google.com','弥款切','林力1','19/07/13','19/07/13','19/07/13');
insert into SUBJECT values('C00000085', 'G0000001','aaa@google.com','弥款切','林力1','19/07/13','19/07/13','19/07/13');
insert into SUBJECT values('C00000086', 'G0000001','aaa@google.com','弥款切','林力1','19/07/13','19/07/13','19/07/13');
insert into SUBJECT values('C00000087', 'G0000001','aaa@google.com','弥款切','林力1','19/07/13','19/07/13','19/07/13');
insert into SUBJECT values('C00000088', 'G0000001','aaa@google.com','弥款切','林力1','19/07/13','19/07/13','19/07/13');
insert into SUBJECT values('C00000089', 'G0000001','aaa@google.com','弥款切','林力1','19/07/13','19/07/13','19/07/13');
insert into SUBJECT values('C00000090', 'G0000001','aaa@google.com','弥款切','林力1','19/07/13','19/07/13','19/07/13');
insert into SUBJECT values('C00000091', 'G0000001','aaa@google.com','弥款切','林力1','19/07/13','19/07/13','19/07/13');
insert into SUBJECT values('C00000092', 'G0000001','aaa@google.com','弥款切','林力1','19/07/13','19/07/13','19/07/13');
insert into SUBJECT values('C00000093', 'H0000001','aaa@google.com','弥款切','林力1','19/07/13','19/07/13','19/07/13');
insert into SUBJECT values('C00000094', 'H0000001','aaa@google.com','弥款切','林力1','19/07/13','19/07/13','19/07/13');
insert into SUBJECT values('C00000095', 'H0000001','aaa@google.com','弥款切','林力1','19/07/13','19/07/13','19/07/13');
insert into SUBJECT values('C00000096', 'H0000001','aaa@google.com','弥款切','林力1','19/07/13','19/07/13','19/07/13');
insert into SUBJECT values('C00000097', 'H0000001','aaa@google.com','弥款切','林力1','19/07/13','19/07/13','19/07/13');
insert into SUBJECT values('C00000098', 'H0000001','aaa@google.com','弥款切','林力1','19/07/13','19/07/13','19/07/13');
insert into SUBJECT values('C00000099', 'H0000001','aaa@google.com','弥款切','林力1','19/07/13','19/07/13','19/07/13');
insert into SUBJECT values('C00000100', 'H0000001','aaa@google.com','弥款切','林力1','19/07/13','19/07/13','19/07/13');
insert into SUBJECT values('C00000101', 'H0000001','aaa@google.com','弥款切','林力1','19/07/13','19/07/13','19/07/13');
insert into SUBJECT values('C00000102', 'I0000001','aaa@google.com','弥款切','林力1','19/07/13','19/07/13','19/07/13');
insert into SUBJECT values('C00000103', 'I0000001','aaa@google.com','弥款切','林力1','19/07/13','19/07/13','19/07/13');
insert into SUBJECT values('C00000104', 'I0000001','aaa@google.com','弥款切','林力1','19/07/13','19/07/13','19/07/13');
insert into SUBJECT values('C00000105', 'I0000001','aaa@google.com','弥款切','林力1','19/07/13','19/07/13','19/07/13');
insert into SUBJECT values('C00000106', 'I0000001','aaa@google.com','弥款切','林力1','19/07/13','19/07/13','19/07/13');
insert into SUBJECT values('C00000107', 'I0000001','aaa@google.com','弥款切','林力1','19/07/13','19/07/13','19/07/13');
insert into SUBJECT values('C00000108', 'I0000001','aaa@google.com','弥款切','林力1','19/07/13','19/07/13','19/07/13');
insert into SUBJECT values('C00000109', 'I0000001','aaa@google.com','弥款切','林力1','19/07/13','19/07/13','19/07/13');
insert into SUBJECT values('C00000110', 'I0000001','aaa@google.com','弥款切','林力1','19/07/13','19/07/13','19/07/13');
insert into SUBJECT values('C00000111', 'I0000001','aaa@google.com','弥款切','林力1','19/07/13','19/07/13','19/07/13');
insert into SUBJECT values('C00000112', 'J0000001','aaa@google.com','弥款切','林力1','19/07/13','19/07/13','19/07/13');
insert into SUBJECT values('C00000113', 'J0000001','aaa@google.com','弥款切','林力1','19/07/13','19/07/13','19/07/13');
insert into SUBJECT values('C00000114', 'J0000001','aaa@google.com','弥款切','林力1','19/07/13','19/07/13','19/07/13');
insert into SUBJECT values('C00000115', 'J0000001','aaa@google.com','弥款切','林力1','19/07/13','19/07/13','19/07/13');
insert into SUBJECT values('C00000116', 'J0000001','aaa@google.com','弥款切','林力1','19/07/13','19/07/13','19/07/13');
insert into SUBJECT values('C00000117', 'J0000001','aaa@google.com','弥款切','林力1','19/07/13','19/07/13','19/07/13');
insert into SUBJECT values('C00000118', 'K0000001','aaa@google.com','弥款切','林力1','19/07/13','19/07/13','19/07/13');
insert into SUBJECT values('C00000119', 'K0000001','aaa@google.com','弥款切','林力1','19/07/13','19/07/13','19/07/13');
insert into SUBJECT values('C00000120', 'K0000001','aaa@google.com','弥款切','林力1','19/07/13','19/07/13','19/07/13');
insert into SUBJECT values('C00000121', 'K0000001','aaa@google.com','弥款切','林力1','19/07/13','19/07/13','19/07/13');
insert into SUBJECT values('C00000122', 'K0000001','aaa@google.com','弥款切','林力1','19/07/13','19/07/13','19/07/13');
insert into SUBJECT values('C00000123', 'K0000001','aaa@google.com','弥款切','林力1','19/07/13','19/07/13','19/07/13');
insert into SUBJECT values('C00000124', 'K0000001','aaa@google.com','弥款切','林力1','19/07/13','19/07/13','19/07/13');
insert into SUBJECT values('C00000125', 'K0000001','aaa@google.com','弥款切','林力1','19/07/13','19/07/13','19/07/13');
insert into SUBJECT values('C00000126', 'K0000001','aaa@google.com','弥款切','林力1','19/07/13','19/07/13','19/07/13');
insert into SUBJECT values('C00000127', 'K0000001','aaa@google.com','弥款切','林力1','19/07/13','19/07/13','19/07/13');
insert into SUBJECT values('C00000128', 'K0000001','aaa@google.com','弥款切','林力1','19/07/13','19/07/13','19/07/13');
insert into SUBJECT values('C00000129', 'K0000001','aaa@google.com','弥款切','林力1','19/07/13','19/07/13','19/07/13');
insert into SUBJECT values('C00000130', 'K0000001','aaa@google.com','弥款切','林力1','19/07/13','19/07/13','19/07/13');
insert into SUBJECT values('C00000131', 'K0000001','aaa@google.com','弥款切','林力1','19/07/13','19/07/13','19/07/13');
insert into SUBJECT values('C00000132', 'K0000001','aaa@google.com','弥款切','林力1','19/07/13','19/07/13','19/07/13');
insert into SUBJECT values('C00000133', 'L0000001','aaa@google.com','弥款切','林力1','19/07/13','19/07/13','19/07/13');
insert into SUBJECT values('C00000134', 'L0000001','aaa@google.com','弥款切','林力1','19/07/13','19/07/13','19/07/13');
insert into SUBJECT values('C00000135', 'L0000001','aaa@google.com','弥款切','林力1','19/07/13','19/07/13','19/07/13');
insert into SUBJECT values('C00000136', 'L0000001','aaa@google.com','弥款切','林力1','19/07/13','19/07/13','19/07/13');
insert into SUBJECT values('C00000137', 'L0000001','aaa@google.com','弥款切','林力1','19/07/13','19/07/13','19/07/13');
insert into SUBJECT values('C00000138', 'L0000001','aaa@google.com','弥款切','林力1','19/07/13','19/07/13','19/07/13');
insert into SUBJECT values('C00000139', 'L0000001','aaa@google.com','弥款切','林力1','19/07/13','19/07/13','19/07/13');
insert into SUBJECT values('C00000140', 'L0000001','aaa@google.com','弥款切','林力1','19/07/13','19/07/13','19/07/13');
insert into SUBJECT values('C00000141', 'M0000001','aaa@google.com','弥款切','林力1','19/07/13','19/07/13','19/07/13');
insert into SUBJECT values('C00000142', 'M0000001','aaa@google.com','弥款切','林力1','19/07/13','19/07/13','19/07/13');
insert into SUBJECT values('C00000143', 'M0000001','aaa@google.com','弥款切','林力1','19/07/13','19/07/13','19/07/13');
insert into SUBJECT values('C00000144', 'M0000001','aaa@google.com','弥款切','林力1','19/07/13','19/07/13','19/07/13');
insert into SUBJECT values('C00000145', 'M0000001','aaa@google.com','弥款切','林力1','19/07/13','19/07/13','19/07/13');
insert into SUBJECT values('C00000146', 'M0000001','aaa@google.com','弥款切','林力1','19/07/13','19/07/13','19/07/13');
insert into SUBJECT values('C00000147', 'M0000001','aaa@google.com','弥款切','林力1','19/07/13','19/07/13','19/07/13');
insert into SUBJECT values('C00000148', 'M0000001','aaa@google.com','弥款切','林力1','19/07/13','19/07/13','19/07/13');
insert into SUBJECT values('C00000149', 'M0000001','aaa@google.com','弥款切','林力1','19/07/13','19/07/13','19/07/13');
insert into SUBJECT values('C0000150', 'A0000001','aaa@google.com','弥款切','林力1','19/07/13','19/07/13','19/07/13');





////////////////////咯扁辑何磐绰 辑宏璃飘 酒聪促///////////////////////////////


insert into ANSWER values('F0000011', 'E0000001', 'aaa@google.com', '弥款切', '翠函郴侩1', SYSDATE);
insert into ANSWER values('F0000012', 'E0000001', 'aaa@google.com', '弥款切', '翠函郴侩1', SYSDATE);
insert into ANSWER values('F0000013', 'E0000001', 'aaa@google.com', '弥款切', '翠函郴侩1', SYSDATE);
insert into ANSWER values('F0000014', 'E0000002', 'aaa@google.com', '弥款切', '翠函郴侩1', SYSDATE);
insert into SUBJECT values('C0000151', 'J0000001', 'jjj@google.com', '弥康绕', '林力10', SYSDATE, SYSDATE, SYSDATE);



insert into SUBJECT values('C0000011', 'A0000001', 'aaa@google.com', '弥款切', '林力11', SYSDATE, SYSDATE, SYSDATE);
insert into QUESTION values('D0000011', 'C0000011', '龙巩11', '按包侥', null, null, SYSDATE);
insert into ITEM values('E0000011', 'D0000011', '酒捞袍郴侩11', null, SYSDATE);
insert into ANSWER values('F0000011', 'E0000011', 'aaa@google.com', '弥款切', '翠函郴侩11', SYSDATE);


insert into SUBJECT values('C0000012', 'A0000001', 'aaa@google.com', '弥款切', '林力11', SYSDATE, SYSDATE, SYSDATE);
insert into QUESTION values('D0000012', 'C0000012', '龙巩11', '按包侥', null, null, SYSDATE);
insert into ITEM values('E0000012', 'D0000012', '酒捞袍郴侩11', null, SYSDATE);
insert into ANSWER values('F0000012', 'E0000012', 'aaa@google.com', '弥款切', '翠函郴侩11', SYSDATE);


insert into SUBJECT values('C0000013', 'A0000001', 'aaa@google.com', '弥款切', '林力11', SYSDATE, SYSDATE, SYSDATE);
insert into QUESTION values('D0000013', 'C0000013', '龙巩11', '按包侥', null, null, SYSDATE);
insert into ITEM values('E0000013', 'D0000013', '酒捞袍郴侩11', null, SYSDATE);
insert into ANSWER values('F0000013', 'E0000013', 'aaa@google.com', '弥款切', '翠函郴侩11', SYSDATE);


insert into SUBJECT values('C0000014', 'A0000001', 'aaa@google.com', '弥款切', '林力11', SYSDATE, SYSDATE, SYSDATE);
insert into QUESTION values('D0000014', 'C0000014', '龙巩11', '按包侥', null, null, SYSDATE);
insert into ITEM values('E0000014', 'D0000014', '酒捞袍郴侩11', null, SYSDATE);
insert into ANSWER values('F0000014', 'E0000014', 'aaa@google.com', '弥款切', '翠函郴侩11', SYSDATE);

insert into SUBJECT values('C0000015', 'A0000001', 'aaa@google.com', '弥款切', '林力11', SYSDATE, SYSDATE, SYSDATE);
insert into QUESTION values('D0000015', 'C0000015', '龙巩11', '按包侥', null, null, SYSDATE);
insert into ITEM values('E0000015', 'D0000015', '酒捞袍郴侩11', null, SYSDATE);
insert into ANSWER values('F0000015', 'E0000015', 'aaa@google.com', '弥款切', '翠函郴侩11', SYSDATE);

insert into SUBJECT values('C0000016', 'A0000001', 'aaa@google.com', '弥款切', '林力11', SYSDATE, SYSDATE, SYSDATE);
insert into QUESTION values('D0000016', 'C0000016', '龙巩11', '按包侥', null, null, SYSDATE);
insert into ITEM values('E0000016', 'D0000016', '酒捞袍郴侩11', null, SYSDATE);
insert into ANSWER values('F0000016', 'E0000016', 'aaa@google.com', '弥款切', '翠函郴侩11', SYSDATE);


insert into SUBJECT values('C0000017', 'A0000001', 'aaa@google.com', '弥款切', '林力11', SYSDATE, SYSDATE, SYSDATE);
insert into QUESTION values('D0000017', 'C0000017', '龙巩11', '按包侥', null, null, SYSDATE);
insert into ITEM values('E0000017', 'D0000017', '酒捞袍郴侩11', null, SYSDATE);
insert into ANSWER values('F0000017', 'E0000017', 'aaa@google.com', '弥款切', '翠函郴侩11', SYSDATE);


insert into SUBJECT values('C0000018', 'A0000001', 'aaa@google.com', '弥款切', '林力11', SYSDATE, SYSDATE, SYSDATE);
insert into QUESTION values('D0000018', 'C0000018', '龙巩11', '按包侥', null, null, SYSDATE);
insert into ITEM values('E0000018', 'D0000018', '酒捞袍郴侩11', null, SYSDATE);
insert into ANSWER values('F0000018', 'E0000018', 'aaa@google.com', '弥款切', '翠函郴侩11', SYSDATE);

insert into SUBJECT values('C0000019', 'A0000001', 'aaa@google.com', '弥款切', '林力11', SYSDATE, SYSDATE, SYSDATE);
insert into QUESTION values('D0000019', 'C0000019', '龙巩11', '按包侥', null, null, SYSDATE);
insert into ITEM values('E0000019', 'D0000019', '酒捞袍郴侩11', null, SYSDATE);
insert into ANSWER values('F0000019', 'E0000019', 'aaa@google.com', '弥款切', '翠函郴侩11', SYSDATE);

insert into SUBJECT values('C0000020', 'A0000001', 'aaa@google.com', '弥款切', '林力11', SYSDATE, SYSDATE, SYSDATE);
insert into QUESTION values('D0000020', 'C0000020', '龙巩11', '按包侥', null, null, SYSDATE);
insert into ITEM values('E0000020', 'D0000020', '酒捞袍郴侩11', null, SYSDATE);
insert into ANSWER values('F0000020', 'E0000020', 'aaa@google.com', '弥款切', '翠函郴侩11', SYSDATE);

insert into SUBJECT values('C0000021', 'A0000001', 'aaa@google.com', '弥款切', '林力11', SYSDATE, SYSDATE, SYSDATE);
insert into QUESTION values('D0000021', 'C0000021', '龙巩11', '按包侥', null, null, SYSDATE);
insert into ITEM values('E0000021', 'D0000021', '酒捞袍郴侩11', null, SYSDATE);
insert into ANSWER values('F0000021', 'E0000021', 'aaa@google.com', '弥款切', '翠函郴侩11', SYSDATE);

insert into SUBJECT values('C0000022', 'A0000001', 'aaa@google.com', '弥款切', '林力11', SYSDATE, SYSDATE, SYSDATE);
insert into QUESTION values('D0000022', 'C0000022', '龙巩11', '按包侥', null, null, SYSDATE);
insert into ITEM values('E0000022', 'D0000022', '酒捞袍郴侩11', null, SYSDATE);
insert into ANSWER values('F0000022', 'E0000022', 'aaa@google.com', '弥款切', '翠函郴侩11', SYSDATE);

insert into SUBJECT values('C0000023', 'A0000001', 'aaa@google.com', '弥款切', '林力11', SYSDATE, SYSDATE, SYSDATE);
insert into QUESTION values('D0000023', 'C0000023', '龙巩11', '按包侥', null, null, SYSDATE);
insert into ITEM values('E0000023', 'D0000023', '酒捞袍郴侩11', null, SYSDATE);
insert into ANSWER values('F0000023', 'E0000023', 'aaa@google.com', '弥款切', '翠函郴侩11', SYSDATE);

insert into SUBJECT values('C0000024', 'A0000001', 'aaa@google.com', '弥款切', '林力11', SYSDATE, SYSDATE, SYSDATE);
insert into QUESTION values('D0000024', 'C0000024', '龙巩11', '按包侥', null, null, SYSDATE);
insert into ITEM values('E0000024', 'D0000024', '酒捞袍郴侩11', null, SYSDATE);
insert into ANSWER values('F0000024', 'E0000024', 'aaa@google.com', '弥款切', '翠函郴侩11', SYSDATE);

insert into SUBJECT values('C0000025', 'A0000001', 'aaa@google.com', '弥款切', '林力11', SYSDATE, SYSDATE, SYSDATE);
insert into QUESTION values('D0000025', 'C0000025', '龙巩11', '按包侥', null, null, SYSDATE);
insert into ITEM values('E0000025', 'D0000025', '酒捞袍郴侩11', null, SYSDATE);
insert into ANSWER values('F0000025', 'E0000025', 'aaa@google.com', '弥款切', '翠函郴侩11', SYSDATE);

insert into SUBJECT values('C0000026', 'A0000001', 'aaa@google.com', '弥款切', '林力11', SYSDATE, SYSDATE, SYSDATE);
insert into QUESTION values('D0000026', 'C0000026', '龙巩11', '按包侥', null, null, SYSDATE);
insert into ITEM values('E0000026', 'D0000026', '酒捞袍郴侩11', null, SYSDATE);
insert into ANSWER values('F0000026', 'E0000026', 'aaa@google.com', '弥款切', '翠函郴侩11', SYSDATE);

insert into SUBJECT values('C0000027', 'A0000001', 'aaa@google.com', '弥款切', '林力11', SYSDATE, SYSDATE, SYSDATE);
insert into QUESTION values('D0000027', 'C0000027', '龙巩11', '按包侥', null, null, SYSDATE);
insert into ITEM values('E0000027', 'D0000027', '酒捞袍郴侩11', null, SYSDATE);
insert into ANSWER values('F0000027', 'E0000027', 'aaa@google.com', '弥款切', '翠函郴侩11', SYSDATE);

insert into SUBJECT values('C0000028', 'A0000001', 'aaa@google.com', '弥款切', '林力11', SYSDATE, SYSDATE, SYSDATE);
insert into QUESTION values('D0000028', 'C0000028', '龙巩11', '按包侥', null, null, SYSDATE);
insert into ITEM values('E0000028', 'D0000028', '酒捞袍郴侩11', null, SYSDATE);
insert into ANSWER values('F0000028', 'E0000028', 'aaa@google.com', '弥款切', '翠函郴侩11', SYSDATE);